<?xml version="1.0" encoding="UTF-8"?>
<project-private xmlns="http://www.netbeans.org/ns/project-private/1">
    <editor-bookmarks xmlns="http://www.netbeans.org/ns/editor-bookmarks/2" lastBookmarkId="0"/>
    <open-files xmlns="http://www.netbeans.org/ns/projectui-open-files/2">
        <group>
            <file>file:/C:/Users/Rana_/OneDrive/Documents/NetBeansProjects/PP1/src/pp1/PP4Controller.java</file>
            <file>file:/C:/Users/Rana_/OneDrive/Documents/NetBeansProjects/PP1/src/pp1/PPP6Controller.java</file>
            <file>file:/C:/Users/Rana_/OneDrive/Documents/NetBeansProjects/PP1/src/pp1/PPP2Controller.java</file>
            <file>file:/C:/Users/Rana_/OneDrive/Documents/NetBeansProjects/PP1/src/pp1/PPP5Controller.java</file>
            <file>file:/C:/Users/Rana_/OneDrive/Documents/NetBeansProjects/PP1/src/pp1/PP1.java</file>
            <file>file:/C:/Users/Rana_/OneDrive/Documents/NetBeansProjects/PP1/src/pp1/Infoclass.java</file>
            <file>file:/C:/Users/Rana_/OneDrive/Documents/NetBeansProjects/PP1/src/pp1/PP3Controller.java</file>
            <file>file:/C:/Users/Rana_/OneDrive/Documents/NetBeansProjects/PP1/src/pp1/PP1Controller.java</file>
        </group>
    </open-files>
</project-private>
